"sample_id","total_counts","detected_genes"
"TCGA-3C-AAAU-01A-11R-A41B-07",56707621,29762
"TCGA-3C-AALI-01A-11R-A41B-07",37587206,29750
"TCGA-3C-AALJ-01A-31R-A41B-07",22592426,27670
"TCGA-3C-AALK-01A-11R-A41B-07",52721240,30004
"TCGA-4H-AAAK-01A-12R-A41B-07",47408892,29291
"TCGA-5L-AAT0-01A-12R-A41B-07",34211589,28562
"TCGA-5L-AAT1-01A-12R-A41B-07",24258860,27698
"TCGA-5T-A9QA-01A-11R-A41B-07",33572674,26212
"TCGA-A1-A0SB-01A-11R-A144-07",47565779,29305
"TCGA-A1-A0SD-01A-11R-A115-07",60540270,30045
"TCGA-A1-A0SE-01A-11R-A084-07",61028423,29812
"TCGA-A1-A0SF-01A-11R-A144-07",48814601,29748
"TCGA-A1-A0SG-01A-11R-A144-07",56399310,29187
"TCGA-A1-A0SH-01A-11R-A084-07",68531781,28834
"TCGA-A1-A0SI-01A-11R-A144-07",73327515,30180
"TCGA-A1-A0SJ-01A-11R-A084-07",57649584,29069
"TCGA-A1-A0SK-01A-12R-A084-07",62509355,29473
"TCGA-A1-A0SN-01A-11R-A144-07",64894038,29319
"TCGA-A1-A0SO-01A-22R-A084-07",68306077,28375
"TCGA-A1-A0SP-01A-11R-A084-07",57786263,29527
"TCGA-A1-A0SQ-01A-21R-A144-07",54190090,28368
"TCGA-A2-A04N-01A-11R-A115-07",54421060,29916
"TCGA-A2-A04P-01A-31R-A034-07",54074498,29794
"TCGA-A2-A04Q-01A-21R-A034-07",60718277,29847
"TCGA-A2-A04R-01A-41R-A109-07",58607305,28263
"TCGA-A2-A04T-01A-21R-A034-07",63994121,29790
"TCGA-A2-A04U-01A-11R-A115-07",41124632,26906
"TCGA-A2-A04V-01A-21R-A034-07",59499041,29329
"TCGA-A2-A04W-01A-31R-A115-07",45451525,27649
"TCGA-A2-A04X-01A-21R-A034-07",64421668,29713
"TCGA-A2-A04Y-01A-21R-A034-07",79688753,31170
"TCGA-A2-A0CK-01A-11R-A22K-07",51561192,29564
"TCGA-A2-A0CL-01A-11R-A115-07",53425149,30293
"TCGA-A2-A0CM-01A-31R-A034-07",43415014,29417
"TCGA-A2-A0CO-01A-13R-A22K-07",50625796,30523
"TCGA-A2-A0CP-01A-11R-A034-07",35468082,28467
"TCGA-A2-A0CQ-01A-21R-A034-07",64030608,30251
"TCGA-A2-A0CR-01A-11R-A22K-07",53109618,29333
"TCGA-A2-A0CS-01A-11R-A115-07",45017092,26834
"TCGA-A2-A0CT-01A-31R-A056-07",47341296,27511
"TCGA-A2-A0CU-01A-12R-A034-07",59155324,29673
"TCGA-A2-A0CV-01A-31R-A115-07",71540554,29579
"TCGA-A2-A0CW-01A-21R-A115-07",66970554,29230
"TCGA-A2-A0CX-01A-21R-A00Z-07",56295369,28697
"TCGA-A2-A0CY-01A-12R-A034-07",46833882,29114
"TCGA-A2-A0CZ-01A-11R-A034-07",52282444,29348
"TCGA-A2-A0D0-01A-11R-A00Z-07",52806396,27349
"TCGA-A2-A0D1-01A-11R-A034-07",50279888,28728
"TCGA-A2-A0D2-01A-21R-A034-07",54757492,28969
"TCGA-A2-A0D3-01A-11R-A115-07",60498057,28984
"TCGA-A2-A0D4-01A-11R-A00Z-07",79443975,29444
"TCGA-A2-A0EM-01A-11R-A034-07",57939372,28802
"TCGA-A2-A0EN-01A-13R-A084-07",69559040,30402
"TCGA-A2-A0EO-01A-11R-A034-07",63549745,29418
"TCGA-A2-A0EP-01A-52R-A22U-07",66221345,30376
"TCGA-A2-A0EQ-01A-11R-A034-07",55769899,29603
"TCGA-A2-A0ER-01A-21R-A034-07",74749511,29074
"TCGA-A2-A0ES-01A-11R-A115-07",54522478,30228
"TCGA-A2-A0ET-01A-31R-A034-07",69709825,28812
"TCGA-A2-A0EU-01A-22R-A056-07",49542744,29069
"TCGA-A2-A0EV-01A-11R-A034-07",58969510,29589
"TCGA-A2-A0EW-01A-21R-A115-07",56519810,30511
"TCGA-A2-A0EX-01A-21R-A034-07",50584626,28036
"TCGA-A2-A0EY-01A-11R-A034-07",57551602,30708
"TCGA-A2-A0ST-01A-12R-A084-07",52345651,29865
"TCGA-A2-A0SU-01A-11R-A084-07",48303435,28176
"TCGA-A2-A0SV-01A-11R-A084-07",75298058,29416
"TCGA-A2-A0SW-01A-11R-A084-07",53680701,30620
"TCGA-A2-A0SX-01A-12R-A084-07",65028937,30775
"TCGA-A2-A0SY-01A-31R-A084-07",62800613,29668
"TCGA-A2-A0T0-01A-22R-A084-07",64038666,29049
"TCGA-A2-A0T1-01A-21R-A084-07",64755948,29472
"TCGA-A2-A0T2-01A-11R-A084-07",53542032,28566
"TCGA-A2-A0T3-01A-21R-A115-07",62136032,29791
"TCGA-A2-A0T4-01A-31R-A084-07",42269354,28942
"TCGA-A2-A0T5-01A-21R-A084-07",57668857,29012
"TCGA-A2-A0T6-01A-11R-A084-07",68347776,30127
"TCGA-A2-A0T7-01A-21R-A084-07",68587734,30720
"TCGA-A2-A0YC-01A-11R-A109-07",70369307,29844
"TCGA-A2-A0YD-01A-11R-A109-07",62115592,29638
"TCGA-A2-A0YE-01A-11R-A109-07",62226047,29220
"TCGA-A2-A0YF-01A-21R-A109-07",72851915,28979
"TCGA-A2-A0YG-01A-21R-A109-07",60813180,29081
"TCGA-A2-A0YH-01A-11R-A109-07",58149022,28683
"TCGA-A2-A0YI-01A-31R-A10J-07",71054243,30563
"TCGA-A2-A0YJ-01A-11R-A109-07",50422920,27325
"TCGA-A2-A0YK-01A-22R-A109-07",56032702,30396
"TCGA-A2-A0YL-01A-21R-A109-07",60645459,29911
"TCGA-A2-A0YM-01A-11R-A109-07",66140419,29156
"TCGA-A2-A0YT-01A-11R-A109-07",72076647,28270
"TCGA-A2-A1FV-01A-11R-A13Q-07",73570230,30623
"TCGA-A2-A1FW-01A-11R-A13Q-07",71042422,30273
"TCGA-A2-A1FX-01A-11R-A13Q-07",70941163,29805
"TCGA-A2-A1FZ-01A-51R-A14D-07",47381887,29768
"TCGA-A2-A1G0-01A-11R-A13Q-07",63886309,30469
"TCGA-A2-A1G1-01A-21R-A13Q-07",81191422,30171
"TCGA-A2-A1G4-01A-11R-A13Q-07",77583648,30177
"TCGA-A2-A1G6-01A-11R-A13Q-07",57119639,30183
"TCGA-A2-A259-01A-11R-A16F-07",65811535,30529
"TCGA-A2-A25A-01A-12R-A16F-07",90726671,31712
"TCGA-A2-A25B-01A-11R-A169-07",61057977,29423
"TCGA-A2-A25C-01A-11R-A169-07",91025616,31000
"TCGA-A2-A25D-01A-12R-A16F-07",62770810,29465
"TCGA-A2-A25E-01A-11R-A169-07",63060253,29976
"TCGA-A2-A25F-01A-11R-A169-07",83290234,30440
"TCGA-A2-A3KC-01A-11R-A213-07",54002970,30417
"TCGA-A2-A3KD-01A-12R-A213-07",67289521,30118
"TCGA-A2-A3XS-01A-11R-A22U-07",62136070,30502
"TCGA-A2-A3XT-01A-11R-A22U-07",66952523,29921
"TCGA-A2-A3XU-01A-12R-A22U-07",59996384,26790
"TCGA-A2-A3XV-01A-21R-A239-07",62018270,25782
"TCGA-A2-A3XW-01A-11R-A239-07",63716788,28108
"TCGA-A2-A3XX-01A-21R-A239-07",62545298,29887
"TCGA-A2-A3XY-01A-11R-A239-07",78015869,30898
"TCGA-A2-A3XZ-01A-42R-A239-07",60025181,30186
"TCGA-A2-A3Y0-01A-11R-A239-07",64130285,29663
"TCGA-A2-A4RW-01A-21R-A266-07",32120595,29443
"TCGA-A2-A4RX-01A-11R-A266-07",34105070,29474
"TCGA-A2-A4RY-01A-31R-A266-07",38588008,30471
"TCGA-A2-A4S0-01A-21R-A266-07",37264271,27612
"TCGA-A2-A4S1-01A-21R-A266-07",34028677,27017
"TCGA-A2-A4S2-01A-12R-A266-07",38005816,29106
"TCGA-A2-A4S3-01A-21R-A266-07",36267106,28841
"TCGA-A7-A0CD-01A-11R-A00Z-07",70166024,29314
"TCGA-A7-A0CE-01A-11R-A00Z-07",61504727,29653
"TCGA-A7-A0CG-01A-12R-A056-07",55091291,29791
"TCGA-A7-A0CH-01A-21R-A00Z-07",45513968,28800
"TCGA-A7-A0CJ-01A-21R-A00Z-07",51585982,28478
"TCGA-A7-A0D9-01A-31R-A056-07",53346501,30461
"TCGA-A7-A0DA-01A-31R-A115-07",63231963,29967
"TCGA-A7-A0DB-01A-11R-A00Z-07",59272571,30049
"TCGA-A7-A0DC-01A-11R-A00Z-07",61764845,31669
"TCGA-A7-A13D-01A-13R-A12P-07",57786261,29038
"TCGA-A7-A13E-01A-11R-A12P-07",47110822,28634
"TCGA-A7-A13F-01A-11R-A12P-07",52674518,28101
"TCGA-A7-A13G-01A-11R-A13Q-07",67637377,31252
"TCGA-A7-A13H-01A-11R-A22K-07",59732156,30931
"TCGA-A7-A26E-01A-11R-A169-07",78818240,30792
"TCGA-A7-A26F-01A-21R-A169-07",75562665,33306
"TCGA-A7-A26G-01A-21R-A169-07",86971476,30870
"TCGA-A7-A26H-01A-11R-A169-07",85969362,31216
"TCGA-A7-A26I-01A-11R-A169-07",93809085,33424
"TCGA-A7-A26J-01A-11R-A169-07",71864076,30760
"TCGA-A7-A2KD-01A-31R-A21T-07",73812549,31082
"TCGA-A7-A3IY-01A-21R-A21T-07",57946751,29581
"TCGA-A7-A3IZ-01A-11R-A213-07",58711162,29339
"TCGA-A7-A3J0-01A-11R-A213-07",79514355,29996
"TCGA-A7-A3J1-01A-11R-A213-07",72993975,31241
"TCGA-A7-A3RF-01A-11R-A22K-07",65180274,28649
"TCGA-A7-A425-01A-11R-A24H-07",54053004,29817
"TCGA-A7-A426-01A-22R-A24H-07",69277673,31177
"TCGA-A7-A4SA-01A-11R-A266-07",37847178,29449
"TCGA-A7-A4SB-01A-21R-A266-07",36759953,28366
"TCGA-A7-A4SC-01A-12R-A266-07",35371245,29565
"TCGA-A7-A4SD-01A-11R-A266-07",41969048,29372
"TCGA-A7-A4SE-01A-11R-A266-07",34169445,29167
"TCGA-A7-A4SF-01A-11R-A266-07",34020950,27674
"TCGA-A7-A56D-01A-11R-A27Q-07",39756838,25195
"TCGA-A7-A5ZV-01A-11R-A28M-07",34322673,27304
"TCGA-A7-A5ZW-01A-12R-A29R-07",46028125,29009
"TCGA-A7-A5ZX-01A-12R-A29R-07",48087484,30199
"TCGA-A7-A6VV-01A-22R-A33J-07",57492336,29676
"TCGA-A7-A6VW-01A-21R-A33J-07",48959503,28987
"TCGA-A7-A6VX-01A-12R-A33J-07",50030253,30209
"TCGA-A7-A6VY-01A-12R-A33J-07",62217575,30023
"TCGA-A8-A06N-01A-11R-A00Z-07",88423668,29453
"TCGA-A8-A06O-01A-11R-A00Z-07",67366808,30564
"TCGA-A8-A06P-01A-11R-A00Z-07",65304158,29875
"TCGA-A8-A06Q-01A-11R-A034-07",86329065,29855
"TCGA-A8-A06R-01A-11R-A00Z-07",59107833,27241
"TCGA-A8-A06T-01A-11R-A00Z-07",73099489,30180
"TCGA-A8-A06U-01A-11R-A00Z-07",54700828,29678
"TCGA-A8-A06X-01A-21R-A00Z-07",39357504,26817
"TCGA-A8-A06Y-01A-21R-A00Z-07",48085094,27543
"TCGA-A8-A06Z-01A-11R-A00Z-07",88945568,29092
"TCGA-A8-A075-01A-11R-A084-07",58374198,29334
"TCGA-A8-A076-01A-21R-A00Z-07",70758858,30560
"TCGA-A8-A079-01A-21R-A00Z-07",65454242,29240
"TCGA-A8-A07B-01A-11R-A00Z-07",26580334,24406
"TCGA-A8-A07C-01A-11R-A034-07",81485629,30276
"TCGA-A8-A07E-01A-11R-A034-07",71840419,30050
"TCGA-A8-A07F-01A-11R-A00Z-07",68216747,30410
"TCGA-A8-A07G-01A-11R-A034-07",67849569,30320
"TCGA-A8-A07I-01A-11R-A00Z-07",47573857,28456
"TCGA-A8-A07J-01A-11R-A00Z-07",43095118,27864
"TCGA-A8-A07L-01A-11R-A00Z-07",55816525,28744
"TCGA-A8-A07O-01A-11R-A00Z-07",73102286,28911
"TCGA-A8-A07P-01A-11R-A00Z-07",62285974,28962
"TCGA-A8-A07R-01A-21R-A034-07",70774675,28881
"TCGA-A8-A07S-01A-11R-A034-07",59075444,28907
"TCGA-A8-A07U-01A-11R-A034-07",57607313,29773
"TCGA-A8-A07W-01A-11R-A00Z-07",62593031,29238
"TCGA-A8-A07Z-01A-11R-A00Z-07",40423709,27222
"TCGA-A8-A081-01A-11R-A00Z-07",75364915,30995
"TCGA-A8-A082-01A-11R-A00Z-07",51451022,28480
"TCGA-A8-A083-01A-21R-A00Z-07",69446500,27766
"TCGA-A8-A084-01A-21R-A00Z-07",52475846,28704
"TCGA-A8-A086-01A-11R-A00Z-07",70783504,30261
"TCGA-A8-A08A-01A-11R-A32Y-07",56210857,29264
"TCGA-A8-A08B-01A-11R-A00Z-07",23460771,24065
"TCGA-A8-A08C-01A-11R-A00Z-07",58830473,28847
"TCGA-A8-A08F-01A-11R-A00Z-07",47641469,28666
"TCGA-A8-A08G-01A-11R-A00Z-07",72714885,32399
"TCGA-A8-A08H-01A-21R-A00Z-07",47715549,28449
"TCGA-A8-A08I-01A-11R-A00Z-07",96759812,31270
"TCGA-A8-A08J-01A-11R-A00Z-07",66011146,30334
"TCGA-A8-A08L-01A-11R-A00Z-07",64395302,30694
"TCGA-A8-A08O-01A-21R-A056-07",45469904,29108
"TCGA-A8-A08P-01A-11R-A00Z-07",48373148,26430
"TCGA-A8-A08R-01A-11R-A034-07",69181066,30392
"TCGA-A8-A08S-01A-11R-A034-07",67085679,29996
"TCGA-A8-A08T-01A-21R-A00Z-07",61751480,30156
"TCGA-A8-A08X-01A-21R-A00Z-07",45349141,28247
"TCGA-A8-A08Z-01A-21R-A00Z-07",60744210,29256
"TCGA-A8-A090-01A-11R-A00Z-07",50292306,28042
"TCGA-A8-A091-01A-11R-A00Z-07",89749331,30615
"TCGA-A8-A092-01A-11R-A00Z-07",69221468,29772
"TCGA-A8-A093-01A-11R-A00Z-07",64073291,29074
"TCGA-A8-A094-01A-11R-A00Z-07",32715031,27454
"TCGA-A8-A095-01A-11R-A00Z-07",55033992,29581
"TCGA-A8-A096-01A-11R-A00Z-07",96365507,29791
"TCGA-A8-A097-01A-11R-A034-07",81218724,31021
"TCGA-A8-A099-01A-11R-A00Z-07",66842245,27610
"TCGA-A8-A09A-01A-11R-A00Z-07",46771997,29087
"TCGA-A8-A09B-01A-11R-A00Z-07",59733472,30155
"TCGA-A8-A09C-01A-11R-A00Z-07",61212575,30322
"TCGA-A8-A09D-01A-11R-A00Z-07",55348360,29436
"TCGA-A8-A09E-01A-11R-A00Z-07",51104407,28263
"TCGA-A8-A09G-01A-21R-A00Z-07",71471116,29524
"TCGA-A8-A09I-01A-22R-A034-07",104157856,30429
"TCGA-A8-A09K-01A-11R-A00Z-07",48287921,28528
"TCGA-A8-A09M-01A-11R-A00Z-07",57745154,28124
"TCGA-A8-A09N-01A-11R-A00Z-07",44402162,27836
"TCGA-A8-A09Q-01A-11R-A00Z-07",70918249,30090
"TCGA-A8-A09R-01A-11R-A00Z-07",71099574,30055
"TCGA-A8-A09T-01A-11R-A00Z-07",23743310,24368
"TCGA-A8-A09V-01A-11R-A034-07",73124853,31136
"TCGA-A8-A09W-01A-11R-A00Z-07",49271278,27060
"TCGA-A8-A09X-01A-11R-A00Z-07",54139891,28041
"TCGA-A8-A09Z-01A-11R-A00Z-07",56211488,27416
"TCGA-A8-A0A1-01A-11R-A00Z-07",38694832,27512
"TCGA-A8-A0A2-01A-11R-A034-07",74199119,31106
"TCGA-A8-A0A4-01A-11R-A00Z-07",47439482,31751
"TCGA-A8-A0A6-01A-12R-A056-07",39310991,28567
"TCGA-A8-A0A7-01A-11R-A00Z-07",60783199,29748
"TCGA-A8-A0A9-01A-11R-A00Z-07",70307263,30238
"TCGA-A8-A0AB-01A-11R-A034-07",75962214,30278
"TCGA-A8-A0AD-01A-11R-A056-07",46187744,27600
"TCGA-AC-A23C-01A-12R-A169-07",72923514,31499
"TCGA-AC-A23E-01A-11R-A157-07",75283565,29260
"TCGA-AC-A23G-01A-11R-A213-07",30735310,27533
"TCGA-AC-A23H-01A-11R-A157-07",70953578,29450
"TCGA-AC-A2B8-01A-11R-A17B-07",80619730,31020
"TCGA-AC-A2BK-01A-11R-A21T-07",56626931,27660
"TCGA-AC-A2BM-01A-11R-A21T-07",53702087,29727
"TCGA-AC-A2FB-01A-11R-A17B-07",65665147,30999
"TCGA-AC-A2FE-01A-11R-A19W-07",62400050,30300
"TCGA-AC-A2FF-01A-11R-A17B-07",67280265,30936
"TCGA-AC-A2FG-01A-11R-A17B-07",76280230,31093
"TCGA-AC-A2FK-01A-12R-A180-07",45053465,30588
"TCGA-AC-A2FM-01A-11R-A19W-07",58232953,29493
"TCGA-AC-A2FO-01A-11R-A180-07",52200818,30227
"TCGA-AC-A2QH-01A-11R-A18M-07",72835293,31528
"TCGA-AC-A2QI-01A-12R-A19W-07",57709301,29472
"TCGA-AC-A2QJ-01A-12R-A19W-07",52043224,26108
"TCGA-AC-A3BB-01A-21R-A19W-07",56471353,29749
"TCGA-AC-A3EH-01A-22R-A22K-07",59139170,28398
"TCGA-AC-A3HN-01A-11R-A213-07",76184275,31001
"TCGA-AC-A3OD-01A-11R-A21T-07",57624642,33600
"TCGA-AC-A3QP-01A-11R-A22U-07",56442104,28755
"TCGA-AC-A3QQ-01B-06R-A22O-07",27450574,29025
"TCGA-AC-A3TM-01A-11R-A22K-07",48669884,28845
"TCGA-AC-A3TN-01A-11R-A22K-07",55630121,28968
"TCGA-AC-A3W5-01A-11R-A22K-07",54480484,29995
"TCGA-AC-A3W6-01A-12R-A22K-07",50994308,29684
"TCGA-AC-A3W7-01A-11R-A22K-07",66469450,30938
"TCGA-AC-A3YI-01A-21R-A239-07",43914458,29621
"TCGA-AC-A3YJ-01A-11R-A22U-07",41990865,27686
"TCGA-AC-A4ZE-01A-11R-A41B-07",56836875,29807
"TCGA-AC-A5EH-01A-11R-A28M-07",50042926,28514
"TCGA-AC-A5XS-01A-11R-A29R-07",43201420,28499
"TCGA-AC-A5XU-01A-11R-A28M-07",50619105,28739
"TCGA-AC-A62X-01A-11R-A29R-07",48505768,27583
"TCGA-AC-A62Y-01A-11R-A29R-07",49387864,28878
"TCGA-AC-A6IV-01A-12R-A33J-07",58661309,31221
"TCGA-AC-A6IW-01A-12R-A33J-07",67411342,29685
"TCGA-AC-A6IX-01A-12R-A32P-07",53687255,30721
"TCGA-AC-A6NO-01A-12R-A33J-07",49971454,30465
"TCGA-AC-A7VB-01A-11R-A352-07",64134462,29437
"TCGA-AC-A7VC-01A-11R-A352-07",41744733,27661
"TCGA-AC-A8OP-01A-11R-A36F-07",40308339,29600
"TCGA-AC-A8OQ-01A-11R-A41B-07",44150064,30294
"TCGA-AC-A8OR-01A-21R-A41B-07",36917909,27129
"TCGA-AC-A8OS-01A-12R-A41B-07",49878949,30674
"TCGA-AN-A03X-01A-21R-A00Z-07",36374760,22769
"TCGA-AN-A03Y-01A-21R-A00Z-07",62329281,28996
"TCGA-AN-A041-01A-11R-A034-07",69508010,29728
"TCGA-AN-A046-01A-21R-A034-07",64442463,29751
"TCGA-AN-A049-01A-21R-A00Z-07",48409446,29008
"TCGA-AN-A04A-01A-21R-A034-07",68278280,28734
"TCGA-AN-A04C-01A-21R-A034-07",66824945,29208
"TCGA-AN-A04D-01A-21R-A034-07",71095293,29049
"TCGA-AN-A0AJ-01A-11R-A00Z-07",70526416,29492
"TCGA-AN-A0AK-01A-21R-A00Z-07",45324848,25790
"TCGA-AN-A0AL-01A-11R-A00Z-07",53693155,28047
"TCGA-AN-A0AM-01A-11R-A034-07",67601734,29779
"TCGA-AN-A0AR-01A-11R-A00Z-07",62695018,30443
"TCGA-AN-A0AS-01A-11R-A00Z-07",51678774,27893
"TCGA-AN-A0AT-01A-11R-A034-07",73040358,30088
"TCGA-AN-A0FD-01A-11R-A034-07",48812169,27761
"TCGA-AN-A0FF-01A-11R-A034-07",53499178,30067
"TCGA-AN-A0FJ-01A-11R-A00Z-07",33021638,27225
"TCGA-AN-A0FK-01A-11R-A034-07",56707361,27637
"TCGA-AN-A0FL-01A-11R-A034-07",51756731,26744
"TCGA-AN-A0FN-01A-11R-A034-07",69213774,30174
"TCGA-AN-A0FS-01A-11R-A034-07",79873672,30506
"TCGA-AN-A0FT-01A-11R-A034-07",60805474,27990
"TCGA-AN-A0FV-01A-11R-A00Z-07",59071584,29288
"TCGA-AN-A0FW-01A-11R-A034-07",70888554,29695
"TCGA-AN-A0FX-01A-11R-A034-07",65663871,30494
"TCGA-AN-A0FY-01A-11R-A034-07",76103748,30561
"TCGA-AN-A0FZ-01A-11R-A034-07",85553731,29754
"TCGA-AN-A0G0-01A-11R-A034-07",70575390,28731
"TCGA-AN-A0XL-01A-11R-A10J-07",54305503,29861
"TCGA-AN-A0XN-01A-21R-A109-07",47062390,27942
"TCGA-AN-A0XO-01A-11R-A109-07",75171642,29720
"TCGA-AN-A0XP-01A-11R-A109-07",60393638,28408
"TCGA-AN-A0XR-01A-11R-A109-07",45479773,28120
"TCGA-AN-A0XS-01A-22R-A109-07",61518843,29348
"TCGA-AN-A0XT-01A-11R-A109-07",46773676,27242
"TCGA-AN-A0XU-01A-11R-A109-07",59151032,30219
"TCGA-AN-A0XV-01A-11R-A109-07",59399611,30081
"TCGA-AN-A0XW-01A-11R-A109-07",55702381,29457
"TCGA-AO-A03L-01A-41R-A056-07",60089978,29365
"TCGA-AO-A03M-01B-11R-A10J-07",76491333,29813
"TCGA-AO-A03N-01B-11R-A10J-07",54234815,24885
"TCGA-AO-A03O-01A-11R-A00Z-07",44467665,27315
"TCGA-AO-A03P-01A-11R-A00Z-07",70108754,29289
"TCGA-AO-A03R-01A-21R-A034-07",38063770,27987
"TCGA-AO-A03T-01A-21R-A034-07",56725018,28925
"TCGA-AO-A03U-01B-21R-A10J-07",77822760,28825
"TCGA-AO-A03V-01A-11R-A115-07",51977373,29541
"TCGA-AO-A0J2-01A-11R-A034-07",73757059,28994
"TCGA-AO-A0J3-01A-11R-A034-07",79467865,29408
"TCGA-AO-A0J4-01A-11R-A034-07",85097054,30708
"TCGA-AO-A0J5-01A-11R-A034-07",81724152,29859
"TCGA-AO-A0J6-01A-11R-A034-07",78685006,29156
"TCGA-AO-A0J7-01A-11R-A034-07",57411368,27959
"TCGA-AO-A0J8-01A-21R-A034-07",81004735,29791
"TCGA-AO-A0J9-01A-11R-A034-07",70770475,29826
"TCGA-AO-A0JA-01A-11R-A056-07",58614981,29250
"TCGA-AO-A0JB-01A-11R-A32Y-07",31071863,27110
"TCGA-AO-A0JC-01A-11R-A056-07",49512794,30428
"TCGA-AO-A0JD-01A-11R-A056-07",54086286,28596
"TCGA-AO-A0JE-01A-11R-A056-07",56381681,29740
"TCGA-AO-A0JF-01A-11R-A056-07",53795039,29384
"TCGA-AO-A0JG-01A-31R-A084-07",64910716,30482
"TCGA-AO-A0JI-01A-21R-A056-07",52396007,28590
"TCGA-AO-A0JJ-01A-11R-A056-07",56342063,28953
"TCGA-AO-A0JL-01A-11R-A056-07",46197980,28455
"TCGA-AO-A0JM-01A-21R-A056-07",37533457,26167
"TCGA-AO-A124-01A-11R-A10J-07",72215620,29878
"TCGA-AO-A125-01A-11R-A10J-07",54860307,28483
"TCGA-AO-A126-01A-11R-A10J-07",58547892,28003
"TCGA-AO-A128-01A-11R-A10J-07",72931280,30101
"TCGA-AO-A129-01A-21R-A10J-07",55203612,30119
"TCGA-AO-A12A-01A-21R-A115-07",56843889,30820
"TCGA-AO-A12B-01A-11R-A10J-07",48061363,26638
"TCGA-AO-A12C-01A-11R-A10J-07",54274759,29069
"TCGA-AO-A12D-01A-11R-A115-07",50450656,29452
"TCGA-AO-A12E-01A-11R-A10J-07",73802012,30254
"TCGA-AO-A12F-01A-11R-A115-07",63278838,29442
"TCGA-AO-A12G-01A-11R-A10J-07",61067322,28041
"TCGA-AO-A12H-01A-11R-A115-07",69089345,28875
"TCGA-AO-A1KO-01A-31R-A13Q-07",71662727,30578
"TCGA-AO-A1KP-01A-11R-A13Q-07",65063762,30352
"TCGA-AO-A1KR-01A-12R-A144-07",38569023,27015
"TCGA-AO-A1KS-01A-11R-A13Q-07",66050274,30331
"TCGA-AO-A1KT-01A-11R-A13Q-07",69554169,29738
"TCGA-AQ-A04H-01B-11R-A10J-07",68748910,28919
"TCGA-AQ-A04J-01A-02R-A034-07",70237272,31533
"TCGA-AQ-A04L-01B-21R-A10J-07",58912620,28823
"TCGA-AQ-A0Y5-01A-11R-A14M-07",63982791,29504
"TCGA-AQ-A1H2-01A-11R-A13Q-07",75684088,28862
"TCGA-AQ-A1H3-01A-31R-A13Q-07",71093360,30548
"TCGA-AQ-A54N-01A-11R-A266-07",31434435,25449
"TCGA-AQ-A7U7-01A-22R-A352-07",51737777,31131
"TCGA-AR-A0TP-01A-11R-A084-07",60676259,29315
"TCGA-AR-A0TQ-01A-11R-A084-07",76735073,30151
"TCGA-AR-A0TR-01A-11R-A084-07",68961598,29187
"TCGA-AR-A0TS-01A-11R-A115-07",60124271,30755
"TCGA-AR-A0TT-01A-31R-A084-07",49862835,29522
"TCGA-AR-A0TU-01A-31R-A109-07",59664477,27921
"TCGA-AR-A0TV-01A-21R-A084-07",56865390,28624
"TCGA-AR-A0TW-01A-11R-A084-07",61422724,27129
"TCGA-AR-A0TX-01A-11R-A084-07",61678431,29576
"TCGA-AR-A0TY-01A-12R-A115-07",67646778,29116
"TCGA-AR-A0TZ-01A-12R-A084-07",80646891,29912
"TCGA-AR-A0U0-01A-11R-A109-07",50594359,27968
"TCGA-AR-A0U2-01A-11R-A109-07",60874125,29776
"TCGA-AR-A0U3-01A-11R-A109-07",34731530,28165
"TCGA-AR-A0U4-01A-11R-A109-07",57120904,28838
"TCGA-AR-A1AH-01A-11R-A12D-07",57816307,29120
"TCGA-AR-A1AI-01A-11R-A12P-07",60015020,29023
"TCGA-AR-A1AJ-01A-21R-A12P-07",50726326,29907
"TCGA-AR-A1AK-01A-21R-A12P-07",48043196,30457
"TCGA-AR-A1AL-01A-21R-A12P-07",58784027,30695
"TCGA-AR-A1AM-01A-41R-A22K-07",54288221,30922
"TCGA-AR-A1AN-01A-11R-A12P-07",62486771,28720
"TCGA-AR-A1AO-01A-11R-A12P-07",67070937,30636
"TCGA-AR-A1AP-01A-11R-A12P-07",44645971,28867
"TCGA-AR-A1AQ-01A-11R-A12P-07",43502322,28303
"TCGA-AR-A1AR-01A-31R-A137-07",80617249,29974
"TCGA-AR-A1AS-01A-11R-A12P-07",43416454,26872
"TCGA-AR-A1AT-01A-11R-A12P-07",41613769,26728
"TCGA-AR-A1AU-01A-11R-A12P-07",56684502,30120
"TCGA-AR-A1AW-01A-21R-A12P-07",57742918,30406
"TCGA-AR-A1AX-01A-11R-A12P-07",55392362,30709
"TCGA-AR-A1AY-01A-21R-A12P-07",54125315,29229
"TCGA-AR-A24H-01A-11R-A169-07",81116641,30431
"TCGA-AR-A24K-01A-11R-A169-07",72284641,29760
"TCGA-AR-A24L-01A-11R-A169-07",81820727,30870
"TCGA-AR-A24M-01A-11R-A169-07",81271706,30035
"TCGA-AR-A24N-01A-11R-A169-07",72902591,30049
"TCGA-AR-A24O-01A-11R-A169-07",61646734,30987
"TCGA-AR-A24P-01A-11R-A169-07",71789233,30658
"TCGA-AR-A24Q-01A-12R-A169-07",74176401,30015
"TCGA-AR-A24R-01A-11R-A169-07",71030175,30117
"TCGA-AR-A24S-01A-11R-A169-07",72045479,30474
"TCGA-AR-A24T-01A-11R-A169-07",63602086,30252
"TCGA-AR-A24U-01A-11R-A169-07",65512262,30152
"TCGA-AR-A24V-01A-21R-A169-07",72587243,30098
"TCGA-AR-A24W-01A-11R-A169-07",56733364,30764
"TCGA-AR-A24X-01A-11R-A169-07",38960932,27822
"TCGA-AR-A24Z-01A-11R-A169-07",87593447,30663
"TCGA-AR-A250-01A-31R-A169-07",78794727,30260
"TCGA-AR-A251-01A-12R-A169-07",103888723,31872
"TCGA-AR-A252-01A-11R-A169-07",71488338,30915
"TCGA-AR-A254-01A-21R-A169-07",78410019,30460
"TCGA-AR-A255-01A-11R-A169-07",64418048,30926
"TCGA-AR-A256-01A-11R-A169-07",66749298,29583
"TCGA-AR-A2LE-01A-11R-A180-07",49623123,29051
"TCGA-AR-A2LH-01A-31R-A18M-07",37287163,28913
"TCGA-AR-A2LJ-01A-12R-A19W-07",55978570,29011
"TCGA-AR-A2LK-01A-11R-A180-07",65804658,30225
"TCGA-AR-A2LL-01A-11R-A180-07",56395487,29789
"TCGA-AR-A2LM-01A-11R-A180-07",68383704,31091
"TCGA-AR-A2LN-01A-21R-A18M-07",37382875,30549
"TCGA-AR-A2LO-01A-31R-A18M-07",37320712,29971
"TCGA-AR-A2LQ-01A-22R-A18M-07",49638536,29705
"TCGA-AR-A2LR-01A-12R-A18M-07",42851516,30027
"TCGA-AR-A5QM-01A-11R-A27Q-07",45382027,29885
"TCGA-AR-A5QN-01A-12R-A28M-07",61930364,30036
"TCGA-AR-A5QP-01A-11R-A28M-07",47500358,29546
"TCGA-AR-A5QQ-01A-11R-A28M-07",45776067,27871
"TCGA-B6-A0I1-01A-11R-A21T-07",67778773,29930
"TCGA-B6-A0I2-01A-11R-A034-07",53718159,28696
"TCGA-B6-A0I5-01A-11R-A034-07",46213679,28137
"TCGA-B6-A0I6-01A-11R-A034-07",44688419,29384
"TCGA-B6-A0I8-01A-11R-A034-07",67471113,29567
"TCGA-B6-A0I9-01A-11R-A034-07",66872196,30028
"TCGA-B6-A0IA-01A-11R-A034-07",62734761,26582
"TCGA-B6-A0IB-01A-11R-A034-07",62414008,29174
"TCGA-B6-A0IC-01A-11R-A034-07",75610331,29048
"TCGA-B6-A0IE-01A-11R-A034-07",68715379,29497
"TCGA-B6-A0IG-01A-11R-A034-07",70499896,29856
"TCGA-B6-A0IH-01A-11R-A115-07",40130169,29565
"TCGA-B6-A0IJ-01A-11R-A034-07",78324286,29485
"TCGA-B6-A0IK-01A-12R-A056-07",35148384,26693
"TCGA-B6-A0IM-01A-11R-A034-07",78811406,29610
"TCGA-B6-A0IN-01A-11R-A034-07",61730514,28897
"TCGA-B6-A0IO-01A-11R-A034-07",66010767,30208
"TCGA-B6-A0IP-01A-11R-A034-07",71155887,30417
"TCGA-B6-A0IQ-01A-11R-A034-07",74224737,30745
"TCGA-B6-A0RE-01A-11R-A056-07",52692712,28926
"TCGA-B6-A0RG-01A-11R-A056-07",41437237,27828
"TCGA-B6-A0RH-01A-21R-A115-07",69464600,29069
"TCGA-B6-A0RI-01A-11R-A056-07",64434261,29548
"TCGA-B6-A0RL-01A-11R-A084-07",60773049,29551
"TCGA-B6-A0RM-01A-11R-A084-07",57271762,29110
"TCGA-B6-A0RN-01A-12R-A084-07",50219095,28532
"TCGA-B6-A0RO-01A-22R-A084-07",65360027,27869
"TCGA-B6-A0RP-01A-21R-A084-07",69567992,29644
"TCGA-B6-A0RQ-01A-11R-A115-07",64069871,28135
"TCGA-B6-A0RS-01A-11R-A084-07",69241916,29254
"TCGA-B6-A0RT-01A-21R-A084-07",61594489,30961
"TCGA-B6-A0RU-01A-11R-A084-07",55079207,28492
"TCGA-B6-A0RV-01A-11R-A084-07",47407874,29380
"TCGA-B6-A0WS-01A-11R-A115-07",58075746,29477
"TCGA-B6-A0WT-01A-11R-A109-07",31808445,28503
"TCGA-B6-A0WV-01A-11R-A109-07",41652547,28148
"TCGA-B6-A0WW-01A-11R-A109-07",36668785,27035
"TCGA-B6-A0WX-01A-11R-A109-07",57372861,29399
"TCGA-B6-A0WY-01A-11R-A109-07",60174285,29044
"TCGA-B6-A0WZ-01A-11R-A109-07",56308938,27951
"TCGA-B6-A0X0-01A-21R-A115-07",31799315,26116
"TCGA-B6-A0X1-01A-11R-A109-07",35002197,28460
"TCGA-B6-A0X4-01A-11R-A109-07",38127138,27914
"TCGA-B6-A0X5-01A-21R-A109-07",41191979,27219
"TCGA-B6-A0X7-01A-11R-A10J-07",61418049,29785
"TCGA-B6-A1KC-01B-11R-A157-07",74740872,29473
"TCGA-B6-A1KF-01A-11R-A13Q-07",46132830,28000
"TCGA-B6-A1KI-01A-11R-A14M-07",74266315,30053
"TCGA-B6-A1KN-01A-11R-A13Q-07",72316470,30390
"TCGA-B6-A2IU-01A-32R-A18M-07",26772579,27889
"TCGA-B6-A3ZX-01A-11R-A239-07",61567010,30786
"TCGA-B6-A400-01A-11R-A239-07",70445011,30611
"TCGA-B6-A401-01A-11R-A239-07",61528358,30856
"TCGA-B6-A402-01A-11R-A239-07",55791766,29928
"TCGA-B6-A408-01A-12R-A24H-07",60220815,30945
"TCGA-B6-A409-01A-11R-A24H-07",67893260,28780
"TCGA-B6-A40B-01A-11R-A239-07",66221509,29633
"TCGA-B6-A40C-01A-11R-A239-07",73389522,30182
"TCGA-BH-A0AU-01A-11R-A12P-07",48251974,29498
"TCGA-BH-A0AV-01A-31R-A115-07",67693837,29046
"TCGA-BH-A0AW-01A-11R-A056-07",40407533,27574
"TCGA-BH-A0AY-01A-21R-A00Z-07",52429309,25765
"TCGA-BH-A0AZ-01A-21R-A12P-07",49044993,28629
"TCGA-BH-A0B0-01A-21R-A115-07",54585660,28374
"TCGA-BH-A0B1-01A-12R-A056-07",59161073,29142
"TCGA-BH-A0B2-01A-11R-A10J-07",51674857,29687
"TCGA-BH-A0B3-01A-11R-A056-07",57968063,29126
"TCGA-BH-A0B5-01A-11R-A12P-07",57008529,30134
"TCGA-BH-A0B6-01A-11R-A19W-07",54195593,27388
"TCGA-BH-A0B7-01A-12R-A115-07",58822959,29991
"TCGA-BH-A0B8-01A-21R-A056-07",45881459,28065
"TCGA-BH-A0B9-01A-11R-A056-07",93421818,30624
"TCGA-BH-A0BA-01A-11R-A056-07",55455858,30329
"TCGA-BH-A0BC-01A-22R-A084-07",67578846,29703
"TCGA-BH-A0BD-01A-11R-A034-07",65206976,30390
"TCGA-BH-A0BF-01A-21R-A12P-07",58017218,29887
"TCGA-BH-A0BG-01A-11R-A115-07",68768083,29915
"TCGA-BH-A0BJ-01A-11R-A056-07",55480796,28924
"TCGA-BH-A0BL-01A-11R-A115-07",68309857,31119
"TCGA-BH-A0BM-01A-11R-A056-07",36529879,27861
"TCGA-BH-A0BO-01A-23R-A12D-07",62338638,29881
"TCGA-BH-A0BP-01A-11R-A115-07",40999332,28520
"TCGA-BH-A0BQ-01A-21R-A115-07",44633593,28000
"TCGA-BH-A0BR-01A-21R-A115-07",50243876,28517
"TCGA-BH-A0BS-01A-11R-A12P-07",61714582,27517
"TCGA-BH-A0BT-01A-11R-A12P-07",54212880,29484
"TCGA-BH-A0BV-01A-11R-A00Z-07",51712703,28585
"TCGA-BH-A0BW-01A-11R-A115-07",54338928,30288
"TCGA-BH-A0BZ-01A-31R-A12P-07",67662115,29077
"TCGA-BH-A0C0-01A-21R-A056-07",44105115,28422
"TCGA-BH-A0C1-01B-11R-A12D-07",60384963,29365
"TCGA-BH-A0C3-01A-21R-A12P-07",49355376,29883
"TCGA-BH-A0C7-01B-11R-A115-07",76115079,30643
"TCGA-BH-A0DE-01A-11R-A115-07",53643641,29663
"TCGA-BH-A0DG-01A-21R-A12P-07",51523260,29939
"TCGA-BH-A0DH-01A-11R-A084-07",54315080,28385
"TCGA-BH-A0DI-01A-21R-A12P-07",54846906,29360
"TCGA-BH-A0DK-01A-21R-A056-07",51054207,29059
"TCGA-BH-A0DL-01A-11R-A115-07",71217273,29943
"TCGA-BH-A0DO-01B-11R-A12D-07",56082604,30121
"TCGA-BH-A0DP-01A-21R-A056-07",48135583,29438
"TCGA-BH-A0DQ-01A-11R-A084-07",52190114,29816
"TCGA-BH-A0DS-01A-11R-A056-07",46387791,28581
"TCGA-BH-A0DT-01A-21R-A12D-07",51323456,29675
"TCGA-BH-A0DV-01A-21R-A12P-07",75096706,27736
"TCGA-BH-A0DX-01A-11R-A115-07",58524176,29812
"TCGA-BH-A0DZ-01A-11R-A00Z-07",26004176,23477
"TCGA-BH-A0E0-01A-11R-A056-07",37416374,26641
"TCGA-BH-A0E1-01A-11R-A056-07",51247548,27703
"TCGA-BH-A0E2-01A-11R-A056-07",52575054,28945
"TCGA-BH-A0E6-01A-11R-A034-07",52065370,28489
"TCGA-BH-A0E7-01A-11R-A034-07",67972651,29308
"TCGA-BH-A0E9-01B-11R-A115-07",55729190,30964
"TCGA-BH-A0EA-01A-11R-A115-07",41091310,28954
"TCGA-BH-A0EB-01A-11R-A034-07",64791852,29371
"TCGA-BH-A0EE-01A-11R-A034-07",68469539,29309
"TCGA-BH-A0EI-01A-11R-A115-07",56759922,28978
"TCGA-BH-A0GY-01A-11R-A056-07",45802263,29071
"TCGA-BH-A0GZ-01A-11R-A056-07",49732484,29184
"TCGA-BH-A0H0-01A-11R-A056-07",73567831,29276
"TCGA-BH-A0H3-01A-11R-A12P-07",63525905,30463
"TCGA-BH-A0H5-01A-21R-A115-07",54228773,29870
"TCGA-BH-A0H6-01A-21R-A056-07",49650188,28834
"TCGA-BH-A0H7-01A-13R-A056-07",71273335,28743
"TCGA-BH-A0H9-01A-11R-A056-07",49539324,28083
"TCGA-BH-A0HA-01A-11R-A12P-07",49407559,28548
"TCGA-BH-A0HB-01A-11R-A056-07",46277723,27597
"TCGA-BH-A0HF-01A-11R-A056-07",47541200,27567
"TCGA-BH-A0HI-01A-11R-A084-07",56530501,28347
"TCGA-BH-A0HK-01A-11R-A056-07",46501416,27980
"TCGA-BH-A0HL-01A-11R-A10U-07",60637759,28861
"TCGA-BH-A0HN-01A-11R-A10U-07",41655657,27768
"TCGA-BH-A0HO-01A-11R-A034-07",77512616,28970
"TCGA-BH-A0HP-01A-12R-A084-07",65014848,30077
"TCGA-BH-A0HQ-01A-11R-A034-07",46414290,29232
"TCGA-BH-A0HU-01A-11R-A034-07",60601773,29316
"TCGA-BH-A0HW-01A-11R-A034-07",69338767,29168
"TCGA-BH-A0HX-01A-21R-A056-07",52713063,29355
"TCGA-BH-A0HY-01A-11R-A056-07",60293602,28625
"TCGA-BH-A0RX-01A-21R-A084-07",48493895,28580
"TCGA-BH-A0W3-01A-11R-A109-07",40129980,27925
"TCGA-BH-A0W4-01A-11R-A109-07",62100202,29823
"TCGA-BH-A0W5-01A-11R-A109-07",58606955,30304
"TCGA-BH-A0W7-01A-11R-A115-07",51065278,29701
"TCGA-BH-A0WA-01A-11R-A109-07",59025219,28668
"TCGA-BH-A18F-01A-11R-A12D-07",48049887,28625
"TCGA-BH-A18G-01A-11R-A12D-07",38199041,24297
"TCGA-BH-A18H-01A-11R-A12D-07",41745062,28852
"TCGA-BH-A18I-01A-11R-A12D-07",74865511,30622
"TCGA-BH-A18J-01A-11R-A12D-07",60114820,28843
"TCGA-BH-A18K-01A-11R-A12D-07",59596695,30315
"TCGA-BH-A18L-01A-32R-A12D-07",67391090,28332
"TCGA-BH-A18M-01A-11R-A12D-07",55413915,30078
"TCGA-BH-A18N-01A-11R-A12D-07",56835963,28940
"TCGA-BH-A18P-01A-11R-A12D-07",51246365,27914
"TCGA-BH-A18Q-01A-12R-A12D-07",47731684,30439
"TCGA-BH-A18R-01A-11R-A12D-07",70164584,30363
"TCGA-BH-A18S-01A-11R-A12D-07",58931746,28476
"TCGA-BH-A18T-01A-11R-A12D-07",67056266,28873
"TCGA-BH-A18U-01A-21R-A12D-07",60394504,29662
"TCGA-BH-A18V-01A-11R-A12D-07",61016855,29883
"TCGA-BH-A1EN-01A-11R-A13Q-07",67654411,27073
"TCGA-BH-A1EO-01A-11R-A137-07",36482624,26956
"TCGA-BH-A1ES-01A-11R-A137-07",23192047,27025
"TCGA-BH-A1ET-01A-11R-A137-07",92784822,30662
"TCGA-BH-A1EU-01A-11R-A137-07",98253293,31821
"TCGA-BH-A1EV-01A-11R-A137-07",56949903,29797
"TCGA-BH-A1EW-01A-11R-A137-07",53561883,29588
"TCGA-BH-A1EX-01A-11R-A13Q-07",86537408,30975
"TCGA-BH-A1EY-01A-11R-A13Q-07",42802716,29400
"TCGA-BH-A1F0-01A-11R-A137-07",95702670,31379
"TCGA-BH-A1F2-01A-31R-A13Q-07",73143149,29462
"TCGA-BH-A1F5-01A-12R-A13Q-07",61921372,29688
"TCGA-BH-A1F6-01A-11R-A13Q-07",42720545,28639
"TCGA-BH-A1F8-01A-11R-A13Q-07",75799270,29465
"TCGA-BH-A1FB-01A-11R-A13Q-07",70254311,31439
"TCGA-BH-A1FC-01A-11R-A13Q-07",71008081,28974
"TCGA-BH-A1FD-01A-11R-A13Q-07",70840762,29700
"TCGA-BH-A1FE-01A-11R-A13Q-07",76907884,30983
"TCGA-BH-A1FG-01A-11R-A13Q-07",63183876,28181
"TCGA-BH-A1FH-01A-12R-A13Q-07",70019968,30990
"TCGA-BH-A1FJ-01A-11R-A13Q-07",69036961,29577
"TCGA-BH-A1FL-01A-11R-A13Q-07",67507246,30248
"TCGA-BH-A1FM-01A-11R-A13Q-07",66498977,28302
"TCGA-BH-A1FN-01A-11R-A13Q-07",42724198,29420
"TCGA-BH-A1FR-01A-11R-A13Q-07",40232121,28591
"TCGA-BH-A1FU-01A-11R-A14D-07",48482633,29514
"TCGA-BH-A201-01A-11R-A14M-07",67341401,30720
"TCGA-BH-A202-01A-11R-A14M-07",86510388,30240
"TCGA-BH-A203-01A-12R-A169-07",62869225,30537
"TCGA-BH-A204-01A-11R-A157-07",94782964,29564
"TCGA-BH-A208-01A-11R-A157-07",63495275,28787
"TCGA-BH-A209-01A-11R-A157-07",72404672,30620
"TCGA-BH-A28O-01A-11R-A22K-07",55541771,30899
"TCGA-BH-A28Q-01A-11R-A16F-07",79623533,30572
"TCGA-BH-A2L8-01A-11R-A18M-07",55666412,29939
"TCGA-BH-A42T-01A-11R-A24H-07",64475506,29218
"TCGA-BH-A42U-01A-12R-A24H-07",65132305,29786
"TCGA-BH-A42V-01A-11R-A24H-07",67953950,30944
"TCGA-BH-A5IZ-01A-11R-A27Q-07",47280003,27807
"TCGA-BH-A5J0-01A-11R-A27Q-07",47448559,28289
"TCGA-BH-A6R8-01A-21R-A33J-07",56781371,29116
"TCGA-BH-A6R9-01A-21R-A32P-07",60416819,28971
"TCGA-BH-A8FY-01A-11R-A36F-07",37945725,28662
"TCGA-BH-A8FZ-01A-11R-A352-07",49139168,30703
"TCGA-BH-A8G0-01A-11R-A352-07",42893536,30462
"TCGA-BH-AB28-01A-31R-A41B-07",47224817,29939
"TCGA-C8-A12K-01A-21R-A115-07",65912224,29487
"TCGA-C8-A12L-01A-11R-A115-07",51549640,29035
"TCGA-C8-A12M-01A-11R-A115-07",40075320,26482
"TCGA-C8-A12N-01A-11R-A115-07",54174091,29501
"TCGA-C8-A12O-01A-11R-A115-07",62605191,29577
"TCGA-C8-A12P-01A-11R-A115-07",55590156,28175
"TCGA-C8-A12Q-01A-11R-A115-07",69563190,30185
"TCGA-C8-A12T-01A-11R-A115-07",52319283,27732
"TCGA-C8-A12U-01A-11R-A115-07",46531162,28074
"TCGA-C8-A12V-01A-11R-A115-07",50050491,29325
"TCGA-C8-A12W-01A-11R-A115-07",49230822,27966
"TCGA-C8-A12X-01A-11R-A115-07",28025696,26626
"TCGA-C8-A12Y-01A-11R-A12D-07",72766498,26665
"TCGA-C8-A12Z-01A-11R-A115-07",47768592,27611
"TCGA-C8-A130-01A-31R-A115-07",55934759,30186
"TCGA-C8-A131-01A-11R-A115-07",48119613,28502
"TCGA-C8-A132-01A-31R-A115-07",55159681,30440
"TCGA-C8-A133-01A-32R-A12D-07",49136749,24881
"TCGA-C8-A134-01A-11R-A115-07",90751118,30558
"TCGA-C8-A135-01A-11R-A115-07",49964144,28567
"TCGA-C8-A137-01A-11R-A115-07",40720516,24757
"TCGA-C8-A138-01A-11R-A115-07",47311507,29633
"TCGA-C8-A1HE-01A-11R-A13Q-07",75035770,30077
"TCGA-C8-A1HF-01A-11R-A137-07",73039987,29085
"TCGA-C8-A1HG-01A-11R-A137-07",28898264,26660
"TCGA-C8-A1HI-01A-11R-A137-07",82570571,30219
"TCGA-C8-A1HJ-01A-11R-A13Q-07",70009989,30495
"TCGA-C8-A1HK-01A-21R-A13Q-07",40652806,28128
"TCGA-C8-A1HL-01A-11R-A137-07",41293121,27632
"TCGA-C8-A1HM-01A-12R-A137-07",41661202,28738
"TCGA-C8-A1HN-01A-11R-A137-07",73951663,29513
"TCGA-C8-A1HO-01A-11R-A13Q-07",66227471,29456
"TCGA-C8-A26V-01A-11R-A16F-07",89470587,30140
"TCGA-C8-A26W-01A-11R-A16F-07",72742511,30988
"TCGA-C8-A26X-01A-31R-A16F-07",57971431,28643
"TCGA-C8-A26Y-01A-11R-A16F-07",69936376,31225
"TCGA-C8-A26Z-01A-11R-A16F-07",69063062,30002
"TCGA-C8-A273-01A-11R-A16F-07",70608885,29241
"TCGA-C8-A274-01A-11R-A16F-07",74232963,29789
"TCGA-C8-A275-01A-21R-A16F-07",72543032,29538
"TCGA-C8-A278-01A-11R-A169-07",70718023,29821
"TCGA-C8-A27A-01A-11R-A169-07",77422504,31033
"TCGA-C8-A27B-01A-11R-A169-07",78459670,29328
"TCGA-C8-A3M7-01A-12R-A21T-07",60292436,30299
"TCGA-C8-A3M8-01A-11R-A213-07",79641997,30366
"TCGA-C8-A8HP-01A-11R-A36F-07",37455011,29048
"TCGA-C8-A8HQ-01A-11R-A36F-07",62087796,31094
"TCGA-C8-A8HR-01A-11R-A36F-07",45758927,30174
"TCGA-D8-A13Y-01A-11R-A115-07",51987177,29758
"TCGA-D8-A13Z-01A-11R-A115-07",72874589,29926
"TCGA-D8-A140-01A-11R-A115-07",51194668,29519
"TCGA-D8-A141-01A-11R-A115-07",64142303,30317
"TCGA-D8-A142-01A-11R-A115-07",84223007,30386
"TCGA-D8-A143-01A-11R-A115-07",52145337,28006
"TCGA-D8-A145-01A-11R-A115-07",49373682,30320
"TCGA-D8-A146-01A-31R-A115-07",58970550,30767
"TCGA-D8-A147-01A-11R-A115-07",58262867,30330
"TCGA-D8-A1J8-01A-11R-A13Q-07",72582713,29694
"TCGA-D8-A1J9-01A-11R-A13Q-07",86107026,30235
"TCGA-D8-A1JA-01A-11R-A13Q-07",78688510,29324
"TCGA-D8-A1JB-01A-11R-A13Q-07",43340637,30257
"TCGA-D8-A1JC-01A-11R-A13Q-07",79550306,30887
"TCGA-D8-A1JD-01A-11R-A13Q-07",84617241,29821
"TCGA-D8-A1JE-01A-11R-A13Q-07",76032940,28998
"TCGA-D8-A1JF-01A-11R-A13Q-07",77965297,29610
"TCGA-D8-A1JG-01B-11R-A13Q-07",83829227,30347
"TCGA-D8-A1JH-01A-11R-A13Q-07",80592836,31217
"TCGA-D8-A1JI-01A-11R-A13Q-07",48299807,28296
"TCGA-D8-A1JJ-01A-31R-A14M-07",68966899,29874
"TCGA-D8-A1JK-01A-11R-A13Q-07",46255275,28917
"TCGA-D8-A1JL-01A-11R-A13Q-07",80804345,30571
"TCGA-D8-A1JM-01A-11R-A13Q-07",70117680,29002
"TCGA-D8-A1JN-01A-11R-A13Q-07",39692428,28433
"TCGA-D8-A1JP-01A-11R-A13Q-07",43009771,30070
"TCGA-D8-A1JS-01A-11R-A13Q-07",61394565,26973
"TCGA-D8-A1JT-01A-31R-A13Q-07",70637415,27819
"TCGA-D8-A1JU-01A-11R-A13Q-07",66334024,30072
"TCGA-D8-A1X5-01A-11R-A14D-07",49125659,28858
"TCGA-D8-A1X6-01A-11R-A14M-07",73855970,28679
"TCGA-D8-A1X7-01A-11R-A14M-07",70835123,29173
"TCGA-D8-A1X8-01A-11R-A14M-07",60416777,29724
"TCGA-D8-A1X9-01A-12R-A157-07",80833299,30125
"TCGA-D8-A1XA-01A-11R-A14D-07",50058835,29103
"TCGA-D8-A1XB-01A-11R-A14D-07",44707165,29323
"TCGA-D8-A1XC-01A-11R-A14D-07",46425373,27341
"TCGA-D8-A1XD-01A-11R-A14D-07",46146657,29087
"TCGA-D8-A1XF-01A-11R-A14D-07",56843588,28355
"TCGA-D8-A1XG-01A-11R-A14D-07",53481135,29374
"TCGA-D8-A1XJ-01A-11R-A14M-07",72654692,28595
"TCGA-D8-A1XK-01A-21R-A14M-07",71280617,29345
"TCGA-D8-A1XL-01A-11R-A14M-07",64164718,28831
"TCGA-D8-A1XM-01A-21R-A14M-07",75852287,30669
"TCGA-D8-A1XO-01A-11R-A14M-07",72440711,29744
"TCGA-D8-A1XQ-01A-11R-A14M-07",70017015,29114
"TCGA-D8-A1XR-01A-11R-A14M-07",78032601,30071
"TCGA-D8-A1XT-01A-11R-A14M-07",76888431,30075
"TCGA-D8-A1XU-01A-11R-A14M-07",88319674,30791
"TCGA-D8-A1XV-01A-11R-A14M-07",46513279,27367
"TCGA-D8-A1XW-01A-11R-A14M-07",70728622,30004
"TCGA-D8-A1XY-01A-11R-A14M-07",62584929,30101
"TCGA-D8-A1XZ-01A-11R-A14M-07",71829447,29648
"TCGA-D8-A1Y0-01A-11R-A14M-07",83059335,31125
"TCGA-D8-A1Y1-01A-21R-A14M-07",79063705,29369
"TCGA-D8-A1Y2-01A-11R-A157-07",67103648,29660
"TCGA-D8-A1Y3-01A-11R-A157-07",66619736,27668
"TCGA-D8-A27E-01A-11R-A16F-07",74712623,29377
"TCGA-D8-A27F-01A-11R-A16F-07",74987915,30390
"TCGA-D8-A27G-01A-11R-A16F-07",66635263,29883
"TCGA-D8-A27H-01A-11R-A16F-07",67117679,30539
"TCGA-D8-A27I-01A-11R-A16F-07",72160773,31317
"TCGA-D8-A27K-01A-11R-A16F-07",62611725,30740
"TCGA-D8-A27L-01A-11R-A16F-07",76264921,31835
"TCGA-D8-A27M-01A-11R-A16F-07",70348412,31023
"TCGA-D8-A27N-01A-11R-A16F-07",68073684,29922
"TCGA-D8-A27P-01A-11R-A16F-07",50763782,29796
"TCGA-D8-A27R-01A-11R-A16F-07",74373027,30380
"TCGA-D8-A27T-01A-11R-A16F-07",64584258,30082
"TCGA-D8-A27V-01A-12R-A17B-07",97231721,30709
"TCGA-D8-A27W-01A-11R-A16F-07",86310117,29883
"TCGA-D8-A3Z5-01A-41R-A24H-07",56630663,29293
"TCGA-D8-A3Z6-01A-11R-A239-07",61700761,29971
"TCGA-D8-A4Z1-01A-21R-A266-07",35618198,29905
"TCGA-D8-A73U-01A-11R-A33J-07",47976462,30556
"TCGA-D8-A73W-01A-22R-A352-07",48328330,29541
"TCGA-D8-A73X-01A-11R-A32P-07",55786244,30273
"TCGA-E2-A105-01A-11R-A10J-07",62079856,29820
"TCGA-E2-A106-01A-11R-A10J-07",57343237,28393
"TCGA-E2-A107-01A-11R-A10J-07",57198701,28608
"TCGA-E2-A108-01A-13R-A10J-07",48142669,29465
"TCGA-E2-A109-01A-11R-A10J-07",63888445,29931
"TCGA-E2-A10A-01A-21R-A115-07",59698716,29252
"TCGA-E2-A10B-01A-11R-A10J-07",69897016,29944
"TCGA-E2-A10C-01A-21R-A10J-07",46367956,29184
"TCGA-E2-A10E-01A-21R-A10J-07",66203778,30100
"TCGA-E2-A10F-01A-11R-A10J-07",56057929,29849
"TCGA-E2-A14N-01A-31R-A137-07",48513316,27837
"TCGA-E2-A14O-01A-31R-A115-07",57618193,27880
"TCGA-E2-A14P-01A-31R-A12D-07",52403052,28934
"TCGA-E2-A14Q-01A-11R-A12D-07",59475038,29940
"TCGA-E2-A14R-01A-11R-A115-07",48997528,28233
"TCGA-E2-A14S-01A-11R-A12D-07",66909698,29892
"TCGA-E2-A14T-01A-11R-A115-07",80255212,29821
"TCGA-E2-A14U-01A-11R-A22K-07",60895007,30537
"TCGA-E2-A14V-01A-11R-A12D-07",63097419,29769
"TCGA-E2-A14X-01A-11R-A115-07",91916732,30735
"TCGA-E2-A14Y-01A-21R-A12D-07",41946373,26604
"TCGA-E2-A14Z-01A-11R-A115-07",47476580,29276
"TCGA-E2-A150-01A-11R-A12D-07",51592956,27979
"TCGA-E2-A152-01A-11R-A12D-07",55093102,28525
"TCGA-E2-A153-01A-12R-A12D-07",41526451,27552
"TCGA-E2-A154-01A-11R-A115-07",40021807,27405
"TCGA-E2-A155-01A-11R-A12D-07",74948834,28912
"TCGA-E2-A156-01A-11R-A12D-07",24767387,26344
"TCGA-E2-A158-01A-11R-A12D-07",63066517,29326
"TCGA-E2-A159-01A-11R-A115-07",57854749,30121
"TCGA-E2-A15A-01A-11R-A12D-07",63580931,29668
"TCGA-E2-A15C-01A-31R-A12D-07",51330461,29917
"TCGA-E2-A15D-01A-11R-A115-07",57180802,30445
"TCGA-E2-A15E-01A-11R-A12D-07",39697631,29136
"TCGA-E2-A15F-01A-11R-A115-07",46838995,29536
"TCGA-E2-A15G-01A-11R-A12D-07",44771600,29259
"TCGA-E2-A15H-01A-11R-A12D-07",51403250,29637
"TCGA-E2-A15I-01A-21R-A137-07",55255555,30808
"TCGA-E2-A15J-01A-11R-A12P-07",59689974,28686
"TCGA-E2-A15K-01A-11R-A12P-07",48986607,29239
"TCGA-E2-A15L-01A-11R-A12D-07",64241047,29313
"TCGA-E2-A15M-01A-11R-A12D-07",100597064,31525
"TCGA-E2-A15O-01A-11R-A115-07",46473548,29613
"TCGA-E2-A15P-01A-11R-A115-07",75734090,30515
"TCGA-E2-A15R-01A-11R-A115-07",83630360,29718
"TCGA-E2-A15S-01A-11R-A115-07",72387991,30166
"TCGA-E2-A15T-01A-11R-A115-07",62110565,28957
"TCGA-E2-A1AZ-01A-11R-A12P-07",26349098,28814
"TCGA-E2-A1B0-01A-11R-A12P-07",114006899,29905
"TCGA-E2-A1B1-01A-21R-A12P-07",103718188,31788
"TCGA-E2-A1B4-01A-11R-A12P-07",74316535,28468
"TCGA-E2-A1B5-01A-21R-A12P-07",53552506,29170
"TCGA-E2-A1B6-01A-31R-A12P-07",91852502,30441
"TCGA-E2-A1BC-01A-11R-A12P-07",25604730,27616
"TCGA-E2-A1BD-01A-11R-A12P-07",81169571,30014
"TCGA-E2-A1IE-01A-11R-A13Q-07",79800587,29971
"TCGA-E2-A1IF-01A-11R-A144-07",52037310,29540
"TCGA-E2-A1IG-01A-11R-A144-07",52453823,28997
"TCGA-E2-A1IH-01A-11R-A13Q-07",67928807,29908
"TCGA-E2-A1II-01A-11R-A144-07",36078680,27734
"TCGA-E2-A1IJ-01A-11R-A144-07",34440975,29160
"TCGA-E2-A1IK-01A-11R-A144-07",37520356,27012
"TCGA-E2-A1IL-01A-11R-A14D-07",41472695,29445
"TCGA-E2-A1IN-01A-11R-A13Q-07",82267647,30163
"TCGA-E2-A1IO-01A-11R-A144-07",56564572,30108
"TCGA-E2-A1IU-01A-11R-A14D-07",45811787,29519
"TCGA-E2-A1L6-01A-11R-A13Q-07",63770599,30891
"TCGA-E2-A1L7-01A-11R-A144-07",41280787,29530
"TCGA-E2-A1L8-01A-11R-A13Q-07",67386027,30289
"TCGA-E2-A1L9-01A-11R-A13Q-07",77672380,30763
"TCGA-E2-A1LA-01A-11R-A144-07",50173250,29131
"TCGA-E2-A1LB-01A-11R-A144-07",50131646,27656
"TCGA-E2-A1LE-01A-12R-A19W-07",52406358,29305
"TCGA-E2-A1LG-01A-21R-A14M-07",72284812,29381
"TCGA-E2-A1LH-01A-11R-A14D-07",34626005,28609
"TCGA-E2-A1LI-01A-12R-A157-07",72848378,30464
"TCGA-E2-A1LK-01A-21R-A14D-07",35419307,27290
"TCGA-E2-A1LL-01A-11R-A144-07",38033037,27176
"TCGA-E2-A1LS-01A-12R-A157-07",68628182,28888
"TCGA-E2-A2P5-01A-11R-A19W-07",56779167,28927
"TCGA-E2-A2P6-01A-11R-A19W-07",65425919,30440
"TCGA-E2-A3DX-01A-21R-A213-07",66661321,30585
"TCGA-E2-A56Z-01A-12R-A29R-07",46534904,28335
"TCGA-E2-A570-01A-11R-A29R-07",42087817,28999
"TCGA-E2-A572-01A-13R-A31O-07",45807919,26286
"TCGA-E2-A573-01A-11R-A29R-07",49215946,29598
"TCGA-E2-A574-01A-11R-A29R-07",45057857,27074
"TCGA-E2-A576-01A-11R-A31O-07",48412047,29702
"TCGA-E2-A9RU-01A-11R-A41B-07",35061496,26054
"TCGA-E9-A1N3-01A-12R-A157-07",76830701,30209
"TCGA-E9-A1N4-01A-11R-A14M-07",86442372,30173
"TCGA-E9-A1N5-01A-11R-A14D-07",39743917,29238
"TCGA-E9-A1N6-01A-11R-A144-07",45699621,28586
"TCGA-E9-A1N8-01A-11R-A144-07",42430364,29236
"TCGA-E9-A1N9-01A-11R-A14D-07",45012915,29201
"TCGA-E9-A1NA-01A-11R-A144-07",68446975,29166
"TCGA-E9-A1NC-01A-21R-A26B-07",51444464,28896
"TCGA-E9-A1ND-01A-11R-A144-07",43629167,28667
"TCGA-E9-A1NE-01A-21R-A14M-07",75679594,31277
"TCGA-E9-A1NF-01A-11R-A14D-07",42420386,28990
"TCGA-E9-A1NG-01A-21R-A14M-07",73275959,29330
"TCGA-E9-A1NH-01A-11R-A14D-07",46881556,29361
"TCGA-E9-A1NI-01A-11R-A14D-07",41288243,28823
"TCGA-E9-A1QZ-01A-21R-A169-07",66639592,30948
"TCGA-E9-A1R0-01A-22R-A16F-07",70908169,30286
"TCGA-E9-A1R2-01A-11R-A14D-07",43020703,29562
"TCGA-E9-A1R3-01A-31R-A14M-07",84496931,30639
"TCGA-E9-A1R4-01A-21R-A14D-07",50071908,29957
"TCGA-E9-A1R5-01A-11R-A14M-07",66846194,29408
"TCGA-E9-A1R6-01A-11R-A14D-07",53335541,28396
"TCGA-E9-A1R7-01A-11R-A14M-07",61271070,28889
"TCGA-E9-A1RA-01A-11R-A14D-07",43834615,29419
"TCGA-E9-A1RB-01A-11R-A157-07",81635254,30356
"TCGA-E9-A1RC-01A-11R-A157-07",83030673,30546
"TCGA-E9-A1RD-01A-11R-A157-07",79501773,30634
"TCGA-E9-A1RE-01A-11R-A157-07",71132287,29449
"TCGA-E9-A1RF-01A-11R-A157-07",68062818,30226
"TCGA-E9-A1RG-01A-11R-A14D-07",48120423,28677
"TCGA-E9-A1RH-01A-21R-A169-07",71405451,29075
"TCGA-E9-A1RI-01A-11R-A169-07",66309196,30826
"TCGA-E9-A226-01A-21R-A157-07",59631057,24460
"TCGA-E9-A227-01A-11R-A157-07",68900580,30241
"TCGA-E9-A228-01A-31R-A157-07",72701129,30152
"TCGA-E9-A229-01A-31R-A157-07",75701197,30984
"TCGA-E9-A22A-01A-11R-A157-07",81333694,29881
"TCGA-E9-A22B-01A-11R-A157-07",77252070,29796
"TCGA-E9-A22D-01A-11R-A157-07",81567335,29773
"TCGA-E9-A22E-01A-11R-A157-07",69787520,29282
"TCGA-E9-A22G-01A-11R-A157-07",69351180,29669
"TCGA-E9-A22H-01A-11R-A157-07",79106269,30611
"TCGA-E9-A243-01A-21R-A169-07",103481777,31174
"TCGA-E9-A244-01A-11R-A169-07",66865592,29528
"TCGA-E9-A245-01A-22R-A16F-07",35101672,33338
"TCGA-E9-A247-01A-11R-A169-07",69011900,30322
"TCGA-E9-A248-01A-11R-A169-07",66419687,30470
"TCGA-E9-A249-01A-11R-A169-07",76036503,29849
"TCGA-E9-A24A-01A-11R-A169-07",67170303,30028
"TCGA-E9-A295-01A-11R-A16F-07",43567770,29040
"TCGA-E9-A2JS-01A-11R-A180-07",61685185,30029
"TCGA-E9-A2JT-01A-22R-A18M-07",28007511,28993
"TCGA-E9-A3HO-01A-11R-A213-07",55100514,29429
"TCGA-E9-A3Q9-01A-11R-A21T-07",60118111,29680
"TCGA-E9-A3QA-01A-61R-A22K-07",66685548,30181
"TCGA-E9-A3X8-01A-31R-A22U-07",52040003,26529
"TCGA-E9-A54X-01A-11R-A266-07",37835396,26379
"TCGA-E9-A54Y-01A-11R-A466-07",41521842,26227
"TCGA-E9-A5FK-01A-11R-A27Q-07",44893843,27838
"TCGA-E9-A5FL-01A-11R-A27Q-07",40660389,28203
"TCGA-E9-A5UO-01A-11R-A28M-07",47257824,27233
"TCGA-E9-A5UP-01A-11R-A28M-07",47184457,27742
"TCGA-E9-A6HE-01A-11R-A31O-07",55862244,28956
"TCGA-EW-A1IW-01A-11R-A13Q-07",72537369,30964
"TCGA-EW-A1IX-01A-12R-A144-07",56743285,29912
"TCGA-EW-A1IY-01A-11R-A13Q-07",75232144,30375
"TCGA-EW-A1IZ-01A-11R-A13Q-07",47253783,29590
"TCGA-EW-A1J1-01A-11R-A13Q-07",75269801,29852
"TCGA-EW-A1J2-01A-21R-A13Q-07",81321958,31346
"TCGA-EW-A1J3-01A-11R-A13Q-07",69623056,30901
"TCGA-EW-A1J5-01A-11R-A13Q-07",78189706,31392
"TCGA-EW-A1J6-01A-11R-A13Q-07",66395120,30194
"TCGA-EW-A1OV-01A-11R-A144-07",41602221,28804
"TCGA-EW-A1OW-01A-21R-A144-07",41535986,28929
"TCGA-EW-A1OX-01A-11R-A144-07",46726821,27300
"TCGA-EW-A1OY-01A-11R-A144-07",41783623,28610
"TCGA-EW-A1OZ-01A-11R-A144-07",66731586,29157
"TCGA-EW-A1P0-01A-11R-A144-07",43761191,28403
"TCGA-EW-A1P1-01A-31R-A14D-07",41669276,29383
"TCGA-EW-A1P3-01A-11R-A144-07",39167894,29845
"TCGA-EW-A1P4-01A-21R-A144-07",57192723,28333
"TCGA-EW-A1P5-01A-11R-A144-07",51736399,28834
"TCGA-EW-A1P6-01A-11R-A144-07",38610205,28268
"TCGA-EW-A1P7-01A-21R-A144-07",52322098,30644
"TCGA-EW-A1P8-01A-11R-A144-07",55385829,29088
"TCGA-EW-A1PA-01A-11R-A144-07",44348692,30205
"TCGA-EW-A1PB-01A-11R-A144-07",63029574,28651
"TCGA-EW-A1PC-01B-11R-A21T-07",81782700,30654
"TCGA-EW-A1PE-01A-11R-A144-07",66118403,30704
"TCGA-EW-A1PF-01A-11R-A144-07",60384486,30489
"TCGA-EW-A1PG-01A-11R-A144-07",37818778,28637
"TCGA-EW-A1PH-01A-11R-A14M-07",60734337,30313
"TCGA-EW-A2FR-01A-11R-A21T-07",77774298,30951
"TCGA-EW-A2FS-01A-11R-A17B-07",64280398,31407
"TCGA-EW-A2FV-01A-11R-A17B-07",73443049,30295
"TCGA-EW-A2FW-01A-11R-A17B-07",54107563,28440
"TCGA-EW-A3E8-01B-11R-A24H-07",68171337,30775
"TCGA-EW-A3U0-01A-11R-A22K-07",54269595,30735
"TCGA-EW-A423-01A-11R-A24H-07",64269537,29653
"TCGA-EW-A424-01A-11R-A24H-07",63423630,30299
"TCGA-EW-A6S9-01A-22R-A33J-07",56759583,29983
"TCGA-EW-A6SB-01A-12R-A32P-07",41752031,26929
"TCGA-EW-A6SC-01A-12R-A32P-07",48718959,29858
"TCGA-EW-A6SD-01A-12R-A33J-07",54175097,29652
"TCGA-GI-A2C8-01A-11R-A16F-07",69088822,30305
"TCGA-GI-A2C9-01A-11R-A21T-07",62095415,30327
"TCGA-GM-A2D9-01A-11R-A18M-07",30482412,28579
"TCGA-GM-A2DA-01A-11R-A18M-07",23716166,28688
"TCGA-GM-A2DB-01A-31R-A18M-07",33911771,28737
"TCGA-GM-A2DC-01A-11R-A18M-07",37667508,28185
"TCGA-GM-A2DD-01A-11R-A180-07",51040335,29619
"TCGA-GM-A2DF-01A-11R-A180-07",53596501,29705
"TCGA-GM-A2DH-01A-11R-A180-07",70733083,31402
"TCGA-GM-A2DI-01A-31R-A18M-07",24821524,27927
"TCGA-GM-A2DK-01A-21R-A180-07",49681578,29023
"TCGA-GM-A2DL-01A-11R-A18M-07",46965056,28291
"TCGA-GM-A2DM-01A-11R-A180-07",54178527,28254
"TCGA-GM-A2DN-01A-11R-A180-07",54913162,29634
"TCGA-GM-A2DO-01A-11R-A18M-07",21314006,28260
"TCGA-GM-A3NW-01A-21R-A22K-07",54376891,29916
"TCGA-GM-A3NY-01A-11R-A21T-07",65582611,30579
"TCGA-GM-A3XG-01A-31R-A24H-07",57603943,29305
"TCGA-GM-A3XL-01A-11R-A22U-07",62036751,29556
"TCGA-GM-A3XN-01A-12R-A22U-07",61249141,31053
"TCGA-GM-A4E0-01A-12R-A266-07",31189172,28044
"TCGA-GM-A5PV-01A-11R-A28M-07",48973833,28378
"TCGA-GM-A5PX-01A-12R-A28M-07",48061789,26863
"TCGA-HN-A2NL-01A-11R-A18M-07",60583181,29455
"TCGA-HN-A2OB-01A-21R-A27Q-07",46432827,30023
"TCGA-JL-A3YW-01A-12R-A239-07",66745545,29963
"TCGA-JL-A3YX-01A-11R-A22U-07",66078774,30179
"TCGA-LD-A66U-01A-11R-A31O-07",58449231,30145
"TCGA-LD-A74U-01A-13R-A33J-07",51559313,30829
"TCGA-LD-A7W5-01A-22R-A352-07",62871198,30927
"TCGA-LD-A7W6-01A-81R-A352-07",49417137,30867
"TCGA-LD-A9QF-01A-32R-A41B-07",46983720,29447
"TCGA-LL-A440-01A-11R-A24H-07",66783793,31245
"TCGA-LL-A441-01A-11R-A24H-07",63030110,31663
"TCGA-LL-A442-01A-11R-A24H-07",76610440,29072
"TCGA-LL-A50Y-01A-11R-A266-07",36264929,25672
"TCGA-LL-A5YL-01A-12R-A29R-07",48784412,27972
"TCGA-LL-A5YM-01A-11R-A28M-07",45423160,25530
"TCGA-LL-A5YN-01A-11R-A28M-07",42141168,28636
"TCGA-LL-A5YO-01A-21R-A28M-07",39028656,29797
"TCGA-LL-A5YP-01A-21R-A28M-07",45122691,28627
"TCGA-LL-A6FP-01A-11R-A31O-07",60424934,27711
"TCGA-LL-A6FQ-01A-11R-A31O-07",51210498,27318
"TCGA-LL-A6FR-01A-12R-A31O-07",39760623,26694
"TCGA-LL-A73Y-01A-11R-A33J-07",59724166,31041
"TCGA-LL-A73Z-01A-11R-A32P-07",45644204,29757
"TCGA-LL-A740-01A-21R-A32P-07",52462931,28994
"TCGA-LL-A7SZ-01A-32R-A352-07",38702824,27792
"TCGA-LL-A7T0-01A-31R-A352-07",42933081,29223
"TCGA-LL-A8F5-01A-11R-A36F-07",49365107,29224
"TCGA-LL-A9Q3-01A-11R-A41B-07",42352076,27007
"TCGA-LQ-A4E4-01A-11R-A266-07",39441322,28678
"TCGA-MS-A51U-01A-31R-A266-07",39487262,29776
"TCGA-OK-A5Q2-01A-11R-A27Q-07",49442186,30411
"TCGA-OL-A5D6-01A-21R-A27Q-07",47244996,29347
"TCGA-OL-A5D7-01A-11R-A27Q-07",41949767,28864
"TCGA-OL-A5D8-01A-11R-A27Q-07",47737968,29913
"TCGA-OL-A5DA-01A-11R-A27Q-07",46433605,29589
"TCGA-OL-A5RU-01A-11R-A28M-07",45771548,29916
"TCGA-OL-A5RV-01A-12R-A28M-07",44897191,30796
"TCGA-OL-A5RW-01A-11R-A28M-07",43851840,28718
"TCGA-OL-A5RX-01A-11R-A28M-07",44826257,30255
"TCGA-OL-A5RY-01A-21R-A28M-07",41257441,27879
"TCGA-OL-A5RZ-01A-11R-A28M-07",42144128,28112
"TCGA-OL-A5S0-01A-11R-A28M-07",40119014,27442
"TCGA-OL-A66H-01A-11R-A29R-07",47608458,28488
"TCGA-OL-A66I-01A-21R-A29R-07",48451063,29243
"TCGA-OL-A66J-01A-11R-A29R-07",44564735,29043
"TCGA-OL-A66K-01A-11R-A29R-07",45953932,29549
"TCGA-OL-A66L-01A-12R-A31O-07",47610472,29078
"TCGA-OL-A66N-01A-12R-A31O-07",52843543,28818
"TCGA-OL-A66O-01A-11R-A31O-07",58909631,29204
"TCGA-OL-A66P-01A-11R-A31O-07",43184974,27707
"TCGA-OL-A6VO-01A-12R-A33J-07",55407949,29297
"TCGA-OL-A6VQ-01A-12R-A41B-07",19301818,26969
"TCGA-OL-A6VR-01A-32R-A33J-07",62637167,30156
"TCGA-OL-A97C-01A-32R-A41B-07",32045524,28723
"TCGA-PE-A5DC-01A-12R-A27Q-07",49196057,29813
"TCGA-PE-A5DD-01A-12R-A27Q-07",41434443,29764
"TCGA-PE-A5DE-01A-11R-A27Q-07",43652459,28953
"TCGA-PL-A8LV-01A-21R-A41B-07",53967994,29657
"TCGA-PL-A8LX-01A-11R-A41B-07",47948131,27673
"TCGA-PL-A8LY-01A-11R-A41B-07",38040692,27873
"TCGA-PL-A8LZ-01A-31R-A36F-07",44499500,28864
"TCGA-S3-A6ZF-01A-32R-A32P-07",58835212,30414
"TCGA-S3-A6ZG-01A-22R-A32P-07",60106445,30687
"TCGA-S3-A6ZH-01A-22R-A32P-07",61923492,29345
"TCGA-S3-AA0Z-01A-11R-A41B-07",58623928,29864
"TCGA-S3-AA10-01A-21R-A41B-07",49516352,28805
"TCGA-S3-AA11-01A-31R-A41B-07",40684172,29632
"TCGA-S3-AA12-01A-11R-A41B-07",37750120,27605
"TCGA-S3-AA14-01A-11R-A41B-07",39393650,29338
"TCGA-S3-AA15-01A-11R-A41B-07",42615178,29312
"TCGA-S3-AA17-01A-11R-A41B-07",49328722,29776
"TCGA-UL-AAZ6-01A-11R-A41B-07",58251072,29476
"TCGA-UU-A93S-01A-21R-A41B-07",31176319,25901
"TCGA-V7-A7HQ-01A-11R-A33J-07",39410107,28600
"TCGA-W8-A86G-01A-21R-A36F-07",41906392,30336
"TCGA-WT-AB41-01A-11R-A41B-07",29074904,26696
"TCGA-WT-AB44-01A-11R-A41B-07",30876149,27042
"TCGA-XX-A899-01A-11R-A36F-07",50673407,30526
"TCGA-XX-A89A-01A-11R-A36F-07",46675690,30281
"TCGA-Z7-A8R5-01A-42R-A41B-07",36198601,27578
"TCGA-Z7-A8R6-01A-11R-A41B-07",54113338,28934
